"huc","2010","2020","2030","2040","2050","2060","2070","2080","2090"
"170900070107","16666.658394160582","10621.60291970803","16772.17518248175","17516.843795620436","12730.093430656934","10362.718248175182","11119.125547445256","8493.327007299271","13439.702189781023"
"170900070106","12494.538258575198","8766.205804749341","13212.22691292876","12886.562005277045","8438.622691292876","7429.35092348285","9230.41160949868","5680.596306068602","11693.707124010554"
"170900070105","8375.346153846154","5824.692307692308","8969.824786324787","9168.662393162393","6110.123931623932","5290.307692307692","6214.089743589743","3819.1581196581196","6869.282051282052"
"170900070104","9217.44776119403","6816.86815920398","10196.8184079602","10013.800995024876","6284.360696517413","5729.81592039801","7605.241293532338","4199.067164179104","8879.820895522387"
"170900070103","20395.020876826722","15927.872651356995","20602.603340292277","17179.624217119","15821.563674321504","13094.546972860126","13511.246346555323","12739.277661795408","24108.680584551148"
"170900070102","18709.564270152507","13192.178649237472","20445.736383442265","20432.729847494553","14166.37908496732","11966.141612200436","13220.56862745098","8787.531590413942","15500.089324618737"
"170900070101","10881.09219858156","6740.252955082742","10622.45390070922","11395.312056737588","7923.801418439716","6416.891252955083","7065.527186761229","5392.810874704492","8352.234042553191"
"170900110601","213324.15238095238","191236.00952380954","226457.95714285714","216732.98095238095","177478.19047619047","162957.91904761904","153629.78095238094","203599.75714285715","266474.6666666667"
"170900110603","14554.780487804877","13230.115853658537","9163.649390243903","12113.72256097561","5211.091463414634","8778.067073170732","7382.34756097561","12318.09756097561","17783.350609756097"
"170900110602","24955.605263157893","22725.72807017544","17065.90350877193","20641.537280701756","13526.723684210527","16738.515350877195","14995.765350877193","21863.554824561405","30107.390350877195"
"170900110605","11916.008875739644","10410.647928994083","9274.917159763314","11331.828402366864","2432.195266272189","6944.0","4719.736686390533","9646.387573964497","13880.68047337278"
"170900110604","37733.879921259846","29554.858267716536","22026.84251968504","30780.027559055117","13488.435039370079","22314.09842519685","18107.751968503937","26027.364173228347","38831.387795275594"
"170900110607","8672.885517241379","8120.540689655172","8563.692413793104","9592.004137931035","2114.0703448275863","4947.300689655172","3827.1310344827584","7490.271724137931","10155.238620689655"
"170900110606","6683.775280898876","7697.119850187266","6271.988764044944","8335.228464419475","1283.4719101123596","4730.194756554307","2873.8576779026216","7588.318352059925","8828.131086142323"
"170900100503","14461.505376344086","14332.948028673834","23391.060931899643","18325.967741935485","7360.087813620072","5888.05376344086","10288.781362007168","6677.808243727599","11954.406810035842"
"170900100502","3236.179669030733","3404.368794326241","5500.664302600473","4336.465721040189","1763.3427895981088","1338.6572104018912","2649.706855791962","1827.449172576832","3299.7163120567375"
"170900100501","6555.283333333334","5161.575","8446.488888888889","7213.655555555555","3785.411111111111","2711.1","3683.213888888889","2690.2027777777776","4947.063888888889"
"170900100504","4842.788372093023","4812.606976744186","7625.8","6493.7558139534885","2476.186046511628","1918.0372093023257","3236.344186046512","2934.9186046511627","4045.0558139534883"
"170900010303","36833.38175675676","29893.358108108107","30047.587837837837","28381.412162162163","28298.859797297297","24501.782094594593","27621.160472972973","30700.55912162162","36656.76013513513"
"170900010302","1198857.7558386412","856412.719745223","1478847.5732484076","1976601.6135881103","1639195.433121019","1093909.8492569001","1172456.713375796","1538584.864118896","1093126.3121019108"
"170900010301","2855092.9893238433","3091835.181494662","3829179.359430605","4258493.2241992885","4282834.71886121","3306748.1494661923","3392103.5302491104","3555368.24911032","3079829.3665480427"
"170900060806","7287.284196547144","4339.147410358566","5350.215139442231","6391.609561752988","4214.5139442231075","3809.35192563081","3711.8964143426297","4149.402390438247","4794.371845949535"
"170900060805","16340.70942408377","11890.452879581151","8713.832460732985","10210.727748691099","5402.8167539267015","7603.869109947644","6094.6832460732985","11654.534031413612","12222.795811518325"
"170900060804","38377.327935222675","34746.51821862348","19983.504048582996","24908.291497975708","22927.386639676115","21671.14979757085","15088.753036437247","29472.467611336033","34559.05870445344"
"170900060803","25708.44210526316","18948.376315789475","12849.515789473684","14224.302631578947","5376.992105263158","11679.67894736842","8991.339473684211","20109.242105263158","19721.89210526316"
"170900060802","24823.519337016576","23840.67955801105","13515.944751381216","15162.10773480663","10282.331491712706","12005.35635359116","9876.5","21560.411602209944","24153.933701657457"
"170900060801","36850.871747211895","29422.32713754647","18687.137546468402","20541.0780669145","8880.236059479554","15459.167286245352","12924.39219330855","27339.52602230483","29252.455390334573"
"170900060205","131374.9431279621","131324.17535545025","153092.37914691944","124707.26066350711","105612.41232227487","77100.97630331754","75979.84834123222","117639.78199052133","128187.41232227487"
"170900060204","478622.61423220974","448208.3745318352","547423.8202247191","517522.3520599251","502091.9850187266","255479.2509363296","277530.02996254683","453242.0786516854","417176.1722846442"
"170900060207","176553.80842911877","162025.30268199233","169565.27586206896","162669.3141762452","154431.08429118773","111364.05363984674","105623.41379310345","153726.8429118774","169704.35249042144"
"170900060206","61700.22746781116","57689.841201716736","53987.957081545064","55387.811158798286","48442.16738197425","43693.28326180258","34299.70386266094","46161.29613733906","61277.15021459227"
"170900060201","186336.51940298508","168131.61492537314","208344.55820895522","195758.58208955225","164664.00298507462","97447.95820895523","79099.34328358209","149303.4208955224","148714.78208955223"
"170900060203","88143.8410041841","83627.52719665272","109789.48535564853","90570.15062761506","71552.05439330544","60201.6359832636","49903.60669456067","69632.80334728034","89846.64853556485"
"170900060202","163080.6872727273","146249.48363636364","193031.5090909091","173252.86545454545","146233.58545454545","90065.25818181818","82091.74181818182","148884.13818181818","147092.62181818183"
"170900060208","186101.19825072886","179351.57142857142","199373.37317784256","204095.62099125364","201503.43148688046","114371.07871720116","115342.91253644315","176368.48396501457","186173.2274052478"
"170900040501","144786.69933554818","121723.66777408638","160638.5564784053","146206.51162790696","159553.07475083056","85275.7242524917","106568.38704318937","137947.37375415282","153820.18604651163"
"170900040502","77019.705078125","64719.56640625","73648.5859375","53789.669921875","48276.0234375","42462.541015625","40496.20703125","60612.017578125","78721.443359375"
"170900090110","11438.717467760844","9343.010550996483","8856.17936694021","10526.016412661196","3411.271981242673","5935.234466588511","5386.561547479484","7325.94021101993","8755.195779601407"
"170900020201","64756.38600451467","58247.002257336346","64256.29683972912","44031.03611738149","40236.002257336346","36411.60835214447","52924.68058690745","50773.71783295711","64803.55079006772"
"170900020203","42236.94886363636","34939.1625","34712.225","28729.897727272728","26084.982954545456","20004.179545454546","32863.65","34171.075","42463.95681818182"
"170900020202","95240.36923076923","85875.66153846154","106018.97622377622","90376.9062937063","87135.78041958042","54779.504895104896","82225.36643356644","90889.16363636364","105416.48531468531"
"170900020205","39744.28236607143","29241.390625","23536.055803571428","24004.097098214286","12658.171875","17505.915178571428","25974.32254464286","27359.703125","33497.42633928572"
"170900020204","23684.38532110092","17317.653669724772","13723.555045871559","13982.538990825688","6737.176605504587","9576.577981651377","15189.552752293577","15250.29128440367","19246.133027522937"
"170900050206","2393062.201550388","2615129.976744186","2961042.8294573645","3103421.434108527","3472440.1782945734","2568314.302325581","2805205.2868217053","2738717.3643410853","2770017.7829457363"
"170900050207","430069.94666666666","344093.61333333334","452722.2514285714","619175.5866666667","525337.3161904762","318798.6419047619","236502.49714285714","455592.42285714287","429504.8914285714"
"170900050204","2443410.4707602337","2554712.2865497074","3168886.8011695906","3411114.0643274854","3540503.1052631577","2626200.1461988306","2852238.5877192984","2934377.374269006","2570613.4122807016"
"170900050205","578421.2277397261","480064.93493150687","680952.9280821917","851333.5770547945","738838.993150685","524702.1455479452","487762.8407534247","700974.9417808219","530589.8647260274"
"170900050202","670875.6070528968","566585.9496221662","789881.2392947103","843299.7329974811","847665.3753148614","479183.3249370277","413855.65491183876","732350.9471032745","587639.3904282115"
"170900050203","671132.7984962406","661872.6315789474","894411.9879699248","1006665.7338345865","998457.2902255639","727123.1894736842","795924.5654135338","864730.2466165414","693822.6917293234"
"170900050201","1028229.3056379822","962484.0445103857","1407445.7151335313","1547621.9020771512","1455165.519287834","1026229.7210682492","1080917.059347181","1336027.4599406528","946265.943620178"
"170900050208","77416.41624365482","71177.67512690356","94663.32487309644","86360.7766497462","54070.41116751269","54112.40609137056","36268.16243654822","74507.84771573605","87956.01015228426"
"170900040603","39049.09742120344","19165.297994269342","18288.65329512894","19498.260744985673","8644.369627507163","16942.730659025787","14696.329512893983","23533.24641833811","27842.481375358166"
"170900040602","30561.576","15371.748","13444.36","14689.272","3910.392","13734.996","10053.632","19490.508","20976.008"
"170900040601","33214.737609329444","21637.54664723032","18476.948979591838","18742.67638483965","13426.67638483965","17975.045189504373","15427.99416909621","23551.6166180758","27230.650145772594"
"170900040605","16027.815384615385","7310.789010989011","6979.621978021978","7820.4857142857145","2241.3714285714286","7157.272527472527","5728.351648351649","9256.49010989011","10717.226373626374"
"170900040604","27627.7204610951","13722.49855907781","12932.71181556196","13988.752161383285","4830.121037463977","12356.086455331411","10571.250720461096","16274.21902017291","18983.172910662823"
"170900060701","92185.71061093248","91137.65594855306","97427.91639871383","93367.22186495177","81980.21864951769","69507.9807073955","50751.80707395498","78750.71382636655","102211.42443729904"
"170900060702","100900.52063492064","97415.27619047619","81677.16825396825","91340.20317460317","93274.62222222223","80846.32698412698","59225.171428571426","77456.58730158731","99959.69523809524"
"170900060703","63452.86785009862","61905.36291913215","44885.44970414201","51535.21301775148","42377.70216962525","38618.370808678505","30577.694280078897","46824.623274161735","60024.9506903353"
"170900060704","143489.46391752578","127834.54639175258","118507.26288659793","121596.76030927835","119774.53865979382","100430.3324742268","77200.9149484536","105682.67525773196","147288.67783505155"
"170900060705","24916.36929460581","19754.31673582296","19186.58091286307","21316.644536652835","16465.123098201937","13009.514522821577","11992.755186721992","15495.01244813278","19758.35961272476"
"170900070402","4222.758812615955","4158.927643784787","6923.78478664193","5638.684601113173","2045.8905380333952","1616.5398886827459","2668.3803339517626","2279.133580705009","3004.666048237477"
"170900070403","5718.3179916317995","6273.57949790795","8340.311715481172","7671.2468619246865","2278.3117154811716","2704.26359832636","3306.675732217573","5225.71129707113","6631.861924686193"
"170900070401","4150.238970588235","4364.659926470588","6277.511029411765","5835.95955882353","1955.7904411764705","1820.1672794117646","2516.1617647058824","2158.575367647059","3145.96875"
"170900070404","5332.353305785124","5222.429752066116","6126.243801652892","6465.964876033057","1744.5061983471073","3172.9111570247933","2916.221074380165","5157.900826446281","6813.247933884298"
"170900070405","4683.711055276382","4658.894472361809","7565.449748743718","6464.87688442211","1879.0201005025126","1806.5201005025126","2944.0527638190956","3522.1231155778896","4191.79648241206"
"170900080702","14651.835396039603","12774.782178217822","19863.30693069307","16923.42698019802","11108.846534653465","8564.196782178218","10756.20792079208","7372.273514851485","13327.66707920792"
"170900080703","6990.136","6432.049333333333","9295.469333333333","7360.292","5256.58","3939.364","4826.090666666667","3466.0826666666667","6276.778666666667"
"170900080701","20083.547433903575","18541.517884914465","28781.303265940904","23696.97200622084","16029.92068429238","12880.732503888024","15882.185069984447","10987.06065318818","19052.533437013997"
"170900050501","547643.9583333334","466305.60185185185","565496.5046296297","799218.5416666666","715310.9953703703","397156.6203703704","236167.44907407407","465589.0046296296","493787.23148148146"
"170900050503","168190.25647668395","171487.00777202073","180997.60880829016","182327.30569948186","141059.47409326426","110897.31088082901","99611.12953367876","153165.41709844558","175687.68911917097"
"170900050502","187085.41873278236","190294.37465564738","194441.14600550965","217956.21212121213","177726.8870523416","106786.9696969697","84466.53994490358","149703.15977961433","165307.81818181818"
"170900050505","39870.424107142855","44351.22321428572","28193.48214285714","34235.02678571428","26270.959821428572","23927.040178571428","18257.696428571428","30919.29464285714","43925.58928571428"
"170900050504","49890.59696969697","51318.56060606061","35402.49696969697","42189.55454545454","36970.98181818182","34459.50303030303","23805.27878787879","37693.08484848485","52521.645454545454"
"170900030201","36218.585173501575","23706.20662460568","24021.132492113564","25767.350157728706","19717.79810725552","17042.627760252366","14493.195583596214","14422.608832807571","26355.381703470033"
"170900030202","40791.41256366723","29006.711375212224","30772.872665534804","30582.617996604415","25408.130730050932","24945.154499151104","17626.565365025468","21674.758913412563","31973.81154499151"
"170900030203","37532.95473251029","23063.90534979424","25461.814814814814","28140.069958847736","19870.267489711936","16225.551440329218","15769.111111111111","14121.423868312757","25254.909465020577"
"170900030204","30546.889145496534","21799.251732101617","23421.078521939955","24664.198614318706","17945.903002309467","17903.207852193995","13662.732101616628","15676.408775981525","22559.74595842956"
"170900030205","17251.76638176638","10500.245014245014","12975.415954415954","14113.603988603989","9214.350427350428","7072.210826210826","7591.062678062678","6987.39886039886","12081.706552706553"
"170900030206","18911.622119815667","9752.433179723503","10311.013824884792","12418.073732718894","6069.764976958525","8089.216589861751","7110.824884792627","8274.354838709678","9988.087557603687"
"170900030207","40793.85813148789","19627.162629757786","22221.083044982697","27267.0276816609","11747.982698961938","17089.332179930796","16062.314878892734","16109.159169550174","21330.979238754324"
"170900030208","48666.04747774481","19582.33234421365","25158.308605341248","32007.424332344213","10032.854599406528","19584.06231454006","17887.39762611276","19549.72106824926","23259.569732937685"
"170900030209","37693.65296803653","22605.54794520548","24331.0","27208.58904109589","16393.1598173516","15309.406392694063","14224.196347031964","14901.593607305937","24217.369863013697"
"170900100204","15907.930952380952","13127.983333333334","16816.14285714286","15224.55238095238","10766.12619047619","8844.695238095239","11744.059523809523","8661.67619047619","18936.492857142857"
"170900100205","11950.421768707483","10532.017006802722","14457.068027210884","11410.248299319728","7267.836734693878","5750.918367346939","8763.802721088436","5600.343537414966","12930.8537414966"
"170900100206","20182.81973434535","18311.698292220113","26513.907020872866","19418.23339658444","9705.254269449715","8835.46679316888","13983.952561669828","8138.629981024668","17601.398481973436"
"170900100201","106661.285","77749.395","102898.47","96698.355","91037.375","71134.83","75351.925","66244.535","115592.805"
"170900100202","10600.967963386727","8557.183066361556","12819.95652173913","9757.130434782608","6107.102974828375","4924.093821510298","6863.112128146453","4246.704805491991","9370.096109839817"
"170900100203","48655.938230383974","35333.19699499165","48090.44240400668","44731.77796327212","38712.67445742905","29569.858096828048","34505.76460767946","28413.42737896494","53469.09849749583"
"170900030510","8965.05223880597","5494.682835820896","8729.925373134329","8433.65671641791","6390.324626865671","4496.731343283582","4384.5970149253735","4105.085820895522","6728.089552238806"
"170900030511","9948.971428571429","5999.419047619048","9600.504761904762","10813.109523809524","7201.833333333333","5315.0","5663.390476190476","5105.395238095238","7479.833333333333"
"170900030512","9545.42750929368","6000.488847583643","9608.198884758363","9904.684014869888","6916.776951672862","5528.812267657992","5767.282527881041","4672.9275092936805","7442.187732342008"
"170900010401","632371.0831460675","562937.6741573034","764376.9617977528","920458.8966292135","860180.3438202247","593617.8966292135","646145.0426966292","758818.8269662921","642417.3168539326"
"170900010402","582237.0085034013","456242.25680272107","726223.8367346938","947003.9710884354","815442.2193877551","547197.0935374149","605033.1224489796","745486.6105442176","514040.85204081633"
"170900010403","56504.290754257905","47375.86496350365","55663.70681265207","52730.39659367396","53423.75912408759","34929.14598540146","46239.66788321168","52568.72506082725","59161.10583941606"
"170900090202","33816.0888252149","33811.5558739255","24335.10888252149","25863.091690544414","19674.025787965616","21137.352435530087","16835.014326647564","31708.64183381089","41464.53008595989"
"170900090203","6313.7849898580125","6058.4097363083165","4598.651115618662","5767.484787018256","1362.393509127789","3132.2454361054765","2482.874239350913","4534.286004056795","5405.030425963489"
"170900090201","184652.57701149426","183017.88505747126","188901.32873563218","191502.28505747125","160666.50114942528","133365.7931034483","117301.04137931035","182110.11954022988","211396.9908045977"
"170900090204","7057.219983883964","6664.882352941177","6220.276390008058","7435.450443190975","2090.67929089444","3575.962933118453","3509.883158742949","4077.5624496373894","5446.343271555197"
"170900100103","23403.65300546448","20678.32786885246","29042.587431693988","23106.650273224044","15164.098360655738","12418.478142076503","18157.95901639344","12310.120218579235","25887.84699453552"
"170900100102","16551.76079734219","14433.348837209302","20685.19933554817","16928.717607973424","10807.787375415282","8513.817275747508","13251.242524916943","8980.627906976744","19597.003322259137"
"170900100101","45318.94540942928","29491.33498759305","38648.049627791566","41228.20595533499","38396.47146401985","31056.464019851115","30543.347394540942","24476.655086848634","46558.81885856079"
"170900010703","22569.21443089431","18770.933943089432","16980.275406504064","12136.121951219513","8590.854674796748","11045.242886178861","14476.598577235773","16597.95325203252","20188.613821138213"
"170900010702","34942.91746031746","28968.698412698413","23226.019047619047","22650.64285714286","14142.953968253969","17700.68253968254","26114.842857142856","26704.957142857143","31565.26507936508"
"170900010701","31026.102150537634","28713.521505376346","28713.733870967742","20066.78494623656","18830.701612903227","18102.478494623654","23836.817204301075","25417.206989247312","32142.1935483871"
"170800030104","285.0","388.0","495.0","455.0","99.0","111.0","227.0","196.0","283.0"
"170900030109","27637.485268630848","11360.811091854419","12472.875216637782","15458.13691507799","5629.7712305026","10367.889081455805","11227.871750433276","11660.934142114385","12952.59445407279"
"170900030108","33671.21219512195","13349.751219512194","12876.743902439024","14206.40243902439","3074.7365853658534","13543.941463414634","11696.831707317073","17157.59512195122","20127.368292682928"
"170900030103","22763.268072289156","8850.027108433735","8450.921686746988","9736.93373493976","3141.6460843373493","7835.4774096385545","8450.960843373494","9734.810240963856","10441.73343373494"
"170900030102","18010.481727574752","8421.611295681063","7491.468438538206","7964.372093023256","2384.2890365448507","6663.142857142857","7379.714285714285","9222.667774086378","10838.498338870431"
"170900030101","19150.63425925926","8555.00462962963","7358.375","8456.564814814816","2979.2268518518517","6654.236111111111","8044.185185185185","8793.027777777777","10296.393518518518"
"170900030107","32248.81109185442","12983.97227036395","12096.618717504332","15399.135181975736","5632.363951473137","11025.928942807626","12297.038128249567","12550.620450606586","15312.946273830155"
"170900030106","49006.40366972477","20591.366972477063","20070.201834862386","20503.42660550459","5153.279816513761","19884.697247706423","17365.022935779816","26490.577981651375","30641.67889908257"
"170900030105","29553.884615384617","13049.048076923076","11247.350961538461","15651.4375","6899.442307692308","9393.716346153846","11372.004807692309","10244.375","14274.663461538461"
"170900030104","32285.6","14823.657692307692","14165.153846153846","18653.71923076923","8009.573076923077","11322.403846153846","12970.238461538462","12910.95","15311.180769230768"
"170900110205","266818.1177446103","218266.1343283582","247010.7296849088","318698.03150912107","265304.67993366503","176359.3648424544","144520.96683250414","303718.9751243781","229126.8208955224"
"170900110204","527266.490990991","449244.0878378378","641364.3536036036","832560.4707207207","729776.6486486486","467813.03603603604","515259.6373873874","778557.7274774775","440235.6711711712"
"170900110201","494217.89130434784","408710.22222222225","596814.0217391305","774950.8599033817","660282.7898550725","421036.6642512077","430157.09420289856","672220.5024154589","434229.00724637683"
"170900110203","364519.05103969754","295990.0869565217","377628.74858223065","522348.4215500945","429403.14933837426","282121.36672967864","251698.2381852552","425896.27788279776","334713.2419659735"
"170900110202","1144600.4717285945","1160617.197092084","1543285.05815832","1761719.056542811","1805680.1518578352","1241445.9870759288","1410726.5088852989","1605632.1793214863","1166020.886914378"
"170900010202","82620.55782312925","58361.95011337868","76751.63945578231","107682.39455782314","100916.40589569161","61200.33106575964","75841.15646258503","89510.10884353741","85630.97505668935"
"170900010201","955844.1813471502","823494.1139896373","1201841.9870466322","1530031.9404145079","1384957.4896373057","938963.0854922279","998421.3989637305","1197744.0207253885","866830.7383419689"
"170900010801","50167.86373626374","37670.79560439561","25875.958241758242","26392.7010989011","19855.074725274724","23641.553846153845","27116.993406593407","37748.01758241758","40260.63516483516"
"170900010802","56042.14950166113","33832.681063122924","29316.076411960134","24077.06976744186","9533.777408637874","28237.332225913622","26926.784053156145","38194.45182724253","46049.45182724253"
"170900090606","12652.097435897436","13433.028205128205","8846.36923076923","12083.617948717949","3105.023076923077","6444.402564102564","4841.54358974359","12011.628205128205","14802.820512820514"
"170900090607","5062.361268403171","6687.305775764439","4887.790486976218","6242.916194790487","982.5424688561721","2209.915062287656","2023.0124575311438","4886.68403171008","5085.482446206115"
"170900090604","51780.15294117647","51695.55294117647","40076.1","42104.029411764706","32427.188235294117","36504.623529411765","31239.464705882354","50352.31764705882","66654.35882352942"
"170900090605","9534.862348178138","9324.1012145749","6691.388663967611","8367.894736842105","2423.1174089068827","5200.331983805668","3822.4696356275304","9151.834008097167","11559.0"
"170900090602","54840.20524017467","50112.7903930131","43860.59825327511","48782.25327510917","42624.06986899563","41421.73362445415","37107.06986899563","43870.14847161572","62851.98689956332"
"170900090603","13504.438709677419","11626.025806451613","9098.396774193548","10510.706451612903","4570.0741935483875","7168.8","6400.416129032258","11922.86129032258","16171.506451612904"
"170900090601","78428.32227488152","73922.72037914692","59734.80568720379","65409.31279620853","62409.635071090044","60012.90521327014","51210.004739336495","65451.090047393365","93543.61137440758"
"170900120202","51188.2351543943","66798.36579572447","100136.69833729217","90289.97149643705","26384.0190023753","24983.755344418052","44255.24465558195","39350.51781472684","58318.21140142518"
"170900120201","64238.166666666664","56133.333333333336","95372.5","79646.66666666667","33721.0","28460.333333333332","50628.166666666664","34318.666666666664","59708.0"
"170900060402","18817.983818770226","19951.68932038835","10816.414239482201","12318.763754045307","7821.265372168285","9261.84789644013","7580.47572815534","16270.987055016181","19345.045307443364"
"170900060401","50045.354838709674","44730.91935483871","46000.25219941349","42375.47653958944","34254.268328445745","29027.192082111436","26545.787390029327","38584.82551319648","50158.07331378299"
"170900040104","373094.8679245283","283386.3820754717","439201.7594339623","523430.66509433964","505291.08490566036","273841.05188679247","309200.59433962265","467992.5613207547","386613.31603773584"
"170900040105","138070.5819861432","111349.94457274827","162221.92840646653","148449.77136258662","138068.18706697458","80806.40877598153","97113.20554272518","150244.52655889146","150621.10854503463"
"170900040101","2541198.795389049","2717079.8242074926","3300397.6397694526","3568374.144092219","3826738.772334294","2891691.933717579","3136860.0893371757","3078853.521613833","2858646.3198847263"
"170900040102","4424344.269230769","4175816.644970414","5399135.130177515","6343491.4408284025","5891655.48816568","4676979.3284023665","5121303.789940828","5585782.073964497","3992107.840236686"
"170900040103","2192492.8901734105","2057603.4913294797","2780388.784200385","3311203.8535645474","3150672.3988439306","2342136.1502890172","2492288.7668593447","2854574.3140655104","2194424.7495183046"
"170900100402","12865.664233576643","11936.058394160584","18822.47688564477","14055.199513381995","6891.1021897810215","5244.211678832116","10092.698296836983","6075.328467153285","11827.620437956204"
"170900100403","9979.779411764706","9662.009803921568","14464.70588235294","10137.593137254902","4671.019607843137","3434.8676470588234","7122.245098039216","4201.6225490196075","8354.691176470587"
"170900100401","8399.705627705627","7903.409090909091","12593.92857142857","9697.900432900433","4507.428571428572","3428.21645021645","6725.597402597403","4022.54329004329","7945.917748917749"
"170900100406","11163.329268292682","8696.36236933798","13858.5818815331","10454.038327526132","6029.437282229966","4781.404181184669","7245.656794425087","4246.850174216028","9419.163763066203"
"170900100404","5206.995594713657","4553.182085168869","7033.791483113069","5248.685756240822","2635.431718061674","2045.4977973568282","3544.850220264317","2082.647577092511","4365.249632892805"
"170900100405","8401.419878296147","5702.184584178499","9598.379310344828","7850.385395537525","5588.334685598377","3774.711967545639","4795.271805273834","3313.5030425963487","6705.9513184584175"
"170900090101","12680.941634241246","10362.321011673152","10456.848249027238","10928.089494163423","6478.863813229572","6926.552529182879","6190.3618677042805","8576.889105058366","10780.881322957199"
"170900090103","78981.94444444444","77088.708994709","66465.01851851853","66608.21164021164","72826.07407407407","62406.677248677246","44251.39417989418","60869.33597883598","82278.58994708995"
"170900090102","30394.698412698413","26095.849206349205","23498.3835978836","23384.656084656086","18735.39417989418","18653.674603174604","13554.296296296296","22939.26984126984","30149.806878306877"
"170900090105","86289.96847635727","86074.36252189142","86150.66199649738","85010.85113835377","72509.81085814361","64172.22591943958","50517.779334500876","83811.03152364273","108432.12784588442"
"170900090104","42307.62595419848","36688.65139949109","33838.236641221374","32861.8117048346","23848.664122137405","26265.101781170484","19381.213740458013","32522.84987277354","42904.59796437659"
"170900090107","10076.746835443038","8408.055696202531","7400.475949367089","8149.888607594937","3729.794936708861","5492.463291139241","4223.33164556962","7408.607594936709","8985.52658227848"
"170900090106","34287.18125","30292.8375","25867.35","27228.609375","16707.7875","19528.409375","14912.240625","27253.171875","36323.11875"
"170900090109","9134.187702265372","7389.75188781014","10279.84250269687","10973.84789644013","5287.053937432578","5076.588996763754","6634.779935275081","4233.3430420711975","7004.78640776699"
"170900090108","19075.3","12379.639682539682","20103.30476190476","19707.21111111111","12474.742857142857","10669.815873015874","13398.203174603175","9893.16984126984","12945.109523809524"
"170900060304","64467.72596153846","64169.29086538462","59871.72596153846","61421.11057692308","52501.57211538462","45729.68028846154","33387.403846153844","50585.807692307695","68710.26923076923"
"170900060305","75744.44444444444","69436.1452991453","52576.61538461538","55483.333333333336","47871.766381766385","45609.76068376069","33789.0056980057","51316.279202279205","70378.35042735042"
"170900060306","75563.06697459584","66233.03464203233","57407.41801385681","56834.78983833718","48020.99307159353","46328.254041570435","35104.9584295612","52433.630484988455","71617.61662817551"
"170900060307","31581.551515151514","28907.636363636364","21342.49090909091","22056.890909090907","18364.515151515152","17624.31818181818","13850.430303030304","23966.775757575757","29830.372727272726"
"170900060301","299371.41333333333","295167.68","344833.592","382111.7893333333","373961.3946666667","189824.52","163336.81066666666","290754.40266666666","276004.91466666665"
"170900060302","126551.04782608696","128616.42608695652","151959.39130434784","140764.25217391303","124890.86086956522","87562.32608695653","80923.18695652173","118077.56086956522","137384.47826086957"
"170900060303","190763.06948640483","191379.74622356496","209118.7734138973","223805.4833836858","215294.61027190334","133795.83987915408","120170.80664652569","187161.56495468278","208157.6586102719"
"170900040207","36411797.11798839","38580855.10638298","48774218.76208898","51312984.10058027","55127534.97098646","41875218.85880078","45084708.162475824","44722472.14700194","40668743.404255316"
"170900040206","2559003.3097238895","2194751.986794718","3595631.932773109","4032404.006002401","3676404.9771908764","2798934.111644658","2865589.3829531814","3502182.240096038","2304890.5702280914"
"170900040205","151623.43828715367","139560.87405541562","196181.81108312344","175217.47103274558","142153.4886649874","85709.05037783376","89492.68010075566","165641.12594458438","148048.63727959697"
"170900040204","34208703.11882998","35049173.18464351","48051864.07495429","51757046.40585009","52393665.32358318","39940792.639853746","43602290.14442413","45764391.74954296","34009713.32723949"
"170900040203","785547.7626582278","631558.414556962","897053.3639240506","1146492.2784810127","984797.4841772151","604915.8512658228","454214.746835443","875733.914556962","708122.4905063291"
"170900040202","1019587.6134751773","798291.8333333334","1173112.8581560284","1329706.6985815603","1175922.5585106383","852211.909574468","741834.8528368794","1160986.140070922","826343.9219858156"
"170900040201","51460180.0","52897241.212471135","70307777.97921479","77467326.55889146","77758797.19399539","57076930.935334876","62800708.23325635","67353628.68360277","50947074.94226328"
"170900040209","106175.20622568093","81091.52918287937","109702.16342412452","82060.61089494164","67245.7120622568","67202.29182879378","55687.151750972764","99497.79377431907","110834.24124513619"
"170900040208","1070502.0","1044429.0264550265","1441728.6772486772","1482096.0634920634","1358386.5291005292","1027288.5714285715","1108652.1164021164","1376603.746031746","1136193.9047619049"
"170900020301","74102.86224489796","62391.35459183674","52647.18877551021","44605.801020408166","41943.875","31396.22193877551","59135.00255102041","57368.875","73885.16326530612"
"170900020302","29923.604166666668","25475.056547619046","16549.741071428572","16726.011904761905","10135.815476190477","9250.300595238095","21397.89285714286","20752.208333333332","28916.645833333332"
"170900020303","17154.818965517243","11992.830459770115","8479.752873563219","8536.879310344828","4098.05459770115","5828.4885057471265","10597.721264367816","9694.316091954022","13484.902298850575"
"170900020304","36105.48101265823","27729.00316455696","21326.67088607595","21275.23734177215","12648.89240506329","14726.050632911392","24730.07911392405","23677.88924050633","32959.06329113924"
"170900020305","23863.30705394191","15444.825726141078","11823.348547717842","12532.360995850622","5408.323651452282","9597.286307053942","14584.950207468879","12899.19917012448","17349.92531120332"
"170900020306","16100.851351351352","8045.4222972972975","7161.5574324324325","7687.273648648648","2602.3513513513512","5719.097972972973","7682.5878378378375","7179.5472972972975","9787.067567567568"
"170900050105","137570.164","131558.728","151351.252","148302.252","102787.792","80241.4","58886.356","132363.464","125812.588"
"170900050104","246966.32525252525","197570.91313131314","262870.9313131313","350763.50505050505","267639.4747474748","174106.1191919192","155053.48686868686","274886.8767676768","228114.85858585857"
"170900050101","1977619.1391304347","2129055.631884058","2494565.1739130435","2616445.1623188406","2904893.136231884","2125206.591304348","2344258.5739130434","2302744.176811594","2230031.730434783"
"170900050103","510404.6172248804","446458.44019138755","463802.1435406699","628958.3205741626","549775.5598086125","367059.2583732057","298573.9090909091","547066.8325358852","501246.44019138755"
"170900050102","638595.4367816092","642712.6022988505","855782.0344827586","962627.9701149425","976401.4321839081","683003.3402298851","755209.7264367816","820678.1586206896","663393.616091954"
"170900040702","43027.00371747212","36770.04089219331","27593.599752168524","25481.36431226766","22458.29120198265","22147.85377942999","22981.719950433704","34757.80421313507","41194.92441140025"
"170900040703","36105.79268292683","24163.456639566397","17854.79403794038","18435.37127371274","12542.227642276423","16466.165311653116","16627.981029810297","25055.41869918699","28219.829268292684"
"170900040701","42250.3550295858","34285.92603550296","27763.596153846152","26335.937869822486","20356.94674556213","20760.89201183432","19950.61094674556","32525.698224852073","38813.03846153846"
"170900040706","18634.931623931625","10107.405508072176","10915.205128205129","10613.200379867047","5419.460588793922","8712.553656220323","7952.822412155745","13941.509971509971","14427.031339031339"
"170900040704","39277.66580310881","22395.386010362694","17622.028497409327","17163.34196891192","10105.68652849741","16062.59585492228","16852.577720207253","26473.582901554404","29585.715025906735"
"170900040705","21162.88888888889","9145.264197530863","8987.034567901235","9433.165432098765","3598.9679012345678","8328.906172839506","8133.185185185185","11687.207407407408","13719.607407407408"
"170900030604","21787.712074303407","8926.082043343653","10968.93653250774","13910.015479876161","3970.846749226006","9201.241486068111","7964.797213622291","9512.348297213623","11752.184210526315"
"170900030605","7825.160202360877","3555.059021922428","5253.97976391231","6278.241146711635","2484.591905564924","3245.079258010118","3279.5345699831364","3048.973018549747","4594.8279932546375"
"170900030211","10178.07438016529","5289.798898071625","8271.68044077135","8864.636363636364","5371.1625344352615","4548.561983471074","4601.8071625344355","4185.537190082645","6699.917355371901"
"170900030210","17585.663755458514","8577.117903930131","11454.860262008733","13702.986899563319","6126.991266375546","7090.921397379912","7219.379912663755","6268.266375545852","10637.218340611355"
"170900030601","20696.942942942944","8578.287287287287","8667.473473473474","9145.825825825827","1948.965965965966","9514.39039039039","7294.937937937938","12140.831831831832","13775.0990990991"
"170900030602","19692.450851900394","7770.870249017038","7913.6697247706425","10524.422018348623","1836.262123197903","9058.770642201835","6901.80996068152","9784.882044560944","11661.67365661861"
"170900030603","65405.146042363434","26226.94871794872","26603.088071348942","33457.05016722408","6272.036789297659","28835.010033444814","23706.33110367893","33153.27424749164","38790.13600891862"
"170900080405","10267.511538461538","9934.38076923077","12821.234615384616","13447.13076923077","8054.342307692307","7267.430769230769","8150.657692307693","5398.257692307692","10495.25"
"170900080404","14147.535211267606","11720.478873239437","17481.105633802817","16034.485915492958","11141.74647887324","9077.345070422536","9897.295774647888","6745.894366197183","13586.964788732394"
"170900080406","8170.354938271605","7838.8456790123455","10511.367283950618","10596.808641975309","5717.58950617284","5552.416666666667","6539.679012345679","4184.114197530864","7723.253086419753"
"170900030608","53972.597590361445","23328.37590361446","29469.74939759036","38363.934939759034","10928.665060240965","22925.01686746988","19811.881927710845","24156.069879518072","28978.840963855422"
"170900030609","27126.634489222117","14859.6419868791","21952.28772258669","25460.55107778819","14234.437675726336","13108.755388940956","12256.706654170572","12071.461105904405","17837.7160262418"
"170900080403","30727.2225433526","23417.15028901734","32099.005780346823","32824.49710982659","26668.407514450868","19727.398843930634","21275.898843930634","16702.164739884392","31410.959537572253"
"170900080402","12514.260273972603","12150.890410958904","15882.17808219178","16723.054794520547","8990.143835616438","8464.061643835616","10162.616438356165","6090.760273972603","13084.82191780822"
"170900050401","101324.75174825174","102431.75174825174","89873.55594405594","90610.63986013985","88509.97902097902","79384.43006993007","55576.23776223776","84757.12237762238","110750.21678321678"
"170900050402","205286.58295964127","223124.466367713","222589.97757847534","228100.54260089685","181308.56502242154","125588.05381165919","100322.40807174888","184599.41704035873","204840.34080717489"
"170900050403","381021.44897959183","356769.1551020408","327656.0734693878","384787.79591836734","403020.6204081633","248080.306122449","206643.77959183673","311180.6448979592","343694.02040816325"
"170900050404","165893.51063829788","182843.94680851063","108918.77925531915","134452.96276595743","107985.92021276595","96533.23936170213","71838.40957446808","124287.77127659574","178669.57978723405"
"170900030509","8930.835897435898","5334.3948717948715","8722.394871794872","8521.907692307692","6351.25641025641","4610.282051282052","4729.261538461538","4409.092307692307","6958.774358974359"
"170900030508","9742.80243902439","6666.336585365853","10604.068292682927","9789.112195121952","6944.180487804878","5570.134146341464","6186.219512195122","4597.790243902439","8846.334146341464"
"170900030507","20282.344357976654","15449.612840466925","21378.589494163425","17588.02140077821","14231.906614785992","11669.114785992218","11121.708171206226","11739.605058365758","21757.389105058366"
"170900030506","24017.99649122807","18973.42807017544","21433.866666666665","18574.154385964914","18382.933333333334","15415.235087719298","12718.82807017544","14980.424561403508","25889.00701754386"
"170900030505","15652.257540603248","9679.7030162413","14491.009280742459","13988.54524361949","10764.187935034803","7794.22969837587","8139.380510440836","6912.433874709976","12606.863109048723"
"170900030504","15004.738791423002","9682.62768031189","13337.138401559454","12360.621832358675","9722.093567251462","7418.228070175439","7132.3216374269","6871.9551656920075","12807.561403508771"
"170900030503","17645.728855721394","10657.251243781095","16317.733830845771","15737.032338308458","11720.223880597016","8573.179104477613","7503.07960199005","9025.756218905473","14105.059701492537"
"170900030502","19355.61515151515","12587.183333333332","15476.00303030303","14876.525757575757","12351.427272727273","9036.24696969697","8229.84696969697","8382.066666666668","15400.128787878788"
"170900030501","27505.59192825112","23618.04932735426","24514.587443946188","21776.789237668163","20055.807174887894","16305.089686098654","13247.645739910315","16993.45739910314","29737.269058295966"
"170900080101","27076.63679245283","22300.9072327044","26991.591194968554","29652.536163522014","26953.388364779876","18625.45283018868","19642.341194968554","17714.61320754717","30884.564465408806"
"170900080102","27081.04605263158","23876.32894736842","26579.31907894737","31920.763157894737","21758.54605263158","17965.095394736843","18707.10197368421","16538.782894736843","33611.63486842105"
"170900080103","15399.592875318067","15793.198473282442","17389.73027989822","20414.625954198473","11219.076335877862","10177.470737913485","11657.188295165395","8238.966921119592","18207.42748091603"
"mysteryHuc","7525029.125","8765581.625","9911347.375","10377954.375","11437992.625","8911497.125","9250929.75","8844593.625","9028374.125"
"170900080203","29402.39072847682","27187.69536423841","25405.174392935984","27045.505518763795","25451.039735099337","22829.030905077263","19747.82119205298","20550.664459161148","34307.61810154525"
"170900110305","620492.7920168068","516623.1995798319","648797.8508403362","883368.68697479","734073.3382352941","524340.6197478991","490024.3991596639","788203.2857142857","473455.7100840336"
"170900080201","10714.043604651162","13466.389534883721","9047.142441860466","12667.787790697674","5762.415697674419","7405.116279069767","5249.296511627907","6859.372093023256","16711.79069767442"
"170900110403","125793.20685434516","135580.0636474908","155586.56548347612","151249.24357405142","118220.91432068544","86615.36597307221","73910.46022031824","137025.76254589963","123693.4406364749"
"170900110402","578724.8484375","508226.78125","656397.946875","889743.8609375","724615.1015625","501305.6203125","518285.5609375","781434.3921875","518532.671875"
"170900110401","184957.08522727274","184972.6747159091","228328.36931818182","238663.32670454544","185689.32386363635","140654.13068181818","128218.62215909091","218851.87926136365","186164.93039772726"
"170900110406","48386.56783919598","44495.97487437186","44374.9296482412","46075.502512562816","31180.552763819094","34870.8391959799","29379.376884422112","42819.67336683417","55659.934673366835"
"170900110405","172436.5552631579","195552.54210526316","215710.87105263158","207764.75789473683","146725.42105263157","115268.81315789474","98528.71052631579","205569.78684210527","176657.66578947369"
"170900110404","403715.38987341773","448565.56455696205","486208.9848101266","493034.0405063291","435779.2278481013","280403.0075949367","260140.017721519","434881.07848101266","379269.5443037975"
"170900080205","9530.253699788584","9089.940803382664","9264.323467230444","10474.545454545454","6629.2262156448205","5850.211416490486","6422.980972515857","5284.268498942917","11528.775898520085"
"170900011003","44694.520661157025","21150.636363636364","21769.592286501378","21296.234159779615","6050.333333333333","18868.275482093664","18066.76308539945","25794.275482093664","30095.520661157025"
"170900011002","48269.74074074074","26562.135802469136","26930.246913580246","26678.296296296296","9300.637860082305","21428.699588477368","24133.415637860082","32109.27572016461","36584.65020576132"
"170900011001","20397.338775510205","12046.604081632653","10437.273469387756","9908.085714285715","3352.8897959183673","8332.926530612245","9872.722448979592","13310.75918367347","15522.90612244898"
"170900080204","33527.95344827586","33736.262068965516","30497.537931034483","35258.32068965517","23668.474137931036","21665.644827586206","21218.18793103448","20455.427586206897","41941.73620689655"
"170900010606","74225.06","65592.112","70107.088","55949.988","55841.4","47950.848","53385.904","61059.516","77495.056"
"170900010607","69569.1380597015","57344.022388059704","54352.19402985075","42039.772388059704","40573.0447761194","38364.567164179105","45839.201492537315","52463.94776119403","70058.6380597015"
"170900010604","60116.57858376511","49455.062176165804","61877.499136442144","60312.3920552677","51305.30051813472","36697.74784110535","49379.96718480138","60775.21934369603","63835.545768566495"
"170900010605","484812.71428571426","382496.9136904762","518953.5029761905","448024.46428571426","459298.72023809527","251604.45535714287","337280.57738095237","446517.73511904763","518667.4761904762"
"170900010602","7269113.716312056","8225591.75177305","9814372.628841607","10610565.066193853","11018351.021276595","8523409.647754136","8972391.271867612","8985762.45862884","8342336.36643026"
"170900010603","421409.7730769231","300475.17307692306","441815.6384615385","563604.1711538462","580783.7615384615","301128.9173076923","354114.82884615386","481917.2480769231","386817.20961538464"
"170900010601","29181939.36170213","34430918.08510638","38758970.212765954","40742495.74468085","44479810.63829787","35021896.80851064","35958347.872340426","34484910.63829787","35212050.0"
"170900010608","25888.97385620915","20617.555555555555","19500.305010893248","15868.239651416123","13678.318082788672","13942.0","15101.346405228758","19311.13507625272","25003.074074074073"
"170900110304","630672.9527027027","504356.1385135135","609778.8513513514","897184.8108108108","717256.5236486486","533124.4358108108","524444.6385135135","799814.1013513514","532970.9087837838"
"170900080202","19117.510688836104","15111.824228028503","15460.429928741092","18447.824228028505","11738.085510688836","11508.296912114014","11399.77672209026","9585.140142517816","21658.75059382423"
"170900110306","170811.2215909091","158372.0340909091","196422.15625","206274.60795454544","113093.76136363637","91129.80113636363","71594.47727272728","194823.85227272726","147226.46875"
"170900110301","814460.8013937282","761343.3902439025","988116.6445993031","1282097.5923344947","1196920.5331010453","782835.6655052265","937131.3623693379","1225983.3031358884","676791.6411149825"
"170900110302","1324666.2","1267261.472","1524715.9813333333","2041488.376","1906094.3093333333","1348910.328","1495048.552","1891788.5386666667","1088420.6133333333"
"170900110303","747673.5489361702","680027.1361702128","892171.144680851","1177035.6680851064","1065632.34893617","720150.5063829788","827183.029787234","1136854.170212766","595412.0723404256"
"170900010101","3065690.3636363638","3177289.8314855876","3843529.2993348115","4295486.620842572","4381607.223946785","3226241.425720621","3412811.6984478934","3657090.283813747","3309688.5454545454"
"170900010103","338241.9349593496","287377.68699186994","433579.2113821138","478915.7804878049","436162.2804878049","320725.2845528455","343283.44715447153","421596.5975609756","331454.23983739835"
"170900010102","1615445.210280374","1516602.38317757","2092569.7663551401","2523740.957943925","2204546.425233645","1629409.5093457943","1758427.9439252336","2059924.0654205608","1479293.901869159"
"170900010105","724904.6069469835","591433.2979890311","879024.676416819","1134397.4076782449","981092.647166362","651853.5063985374","752895.0310786106","932196.8884826326","668188.7824497258"
"170900010104","1818519.286908078","1921560.5766016713","2377330.983286908","2601442.1142061283","2665315.9972144845","2017599.7994428969","2087518.7103064067","2161764.9860724234","1917831.9136490251"
"170900010106","371302.30125523015","256149.06485355648","452346.71338912135","640616.4372384937","482840.0690376569","281240.9518828452","325409.85564853554","453569.19037656905","342238.9142259414"
"170900100305","14348.205748865355","12281.049924357034","18435.67019667171","13877.751891074131","6543.4583963691375","6185.361573373676","11025.00756429652","6779.453857791225","13972.780635400908"
"170900100304","41261.536997885836","27878.746300211416","39949.763213530656","39630.3467230444","31099.665961945033","27162.006342494715","29291.619450317125","22697.532769556026","43271.24312896406"
"170900100307","12229.123028391166","11487.566246056782","17771.67192429022","11846.33596214511","5703.165615141956","4101.618296529969","9181.578864353312","5330.454258675079","10631.118296529969"
"170900100306","18111.25895765472","13251.553745928339","19238.114006514657","18207.91693811075","11853.42996742671","10010.465798045603","12937.58306188925","8731.441368078176","18172.58306188925"
"170900090501","16005.264492753624","15588.146739130434","19911.858695652172","21490.121376811596","8557.869565217392","8848.230072463768","10680.074275362318","7237.740942028986","12617.320652173914"
"170900100303","26839.542914171656","30051.099800399203","42892.18163672655","30513.399201596807","14783.335329341317","11650.836327345309","24791.147704590818","15623.01397205589","33461.49500998004"
"170900090502","6956.009580838323","8781.265868263474","8546.450299401198","9451.552095808383","2316.68502994012","3280.5508982035926","3760.7077844311375","4620.305389221557","5820.059880239521"
"170900100302","11582.681553398059","9788.124271844661","13691.714563106796","10959.355339805825","5634.21359223301","5443.180582524272","8758.246601941748","5728.118446601942","11913.133980582525"
"170900120104","2898.289389067524","3430.5916398713825","5451.945337620578","4701.739549839228","1561.6109324758843","1335.0836012861737","2299.0771704180065","2351.347266881029","3337.1093247588424"
"170900120101","13210.95796460177","11877.473451327434","13106.311946902655","14133.455752212389","3082.391592920354","7667.79203539823","5745.526548672567","10359.931415929204","15419.778761061947"
"170900030606","28491.664855072464","11619.942028985508","11756.048913043478","15146.44384057971","2793.1702898550725","13679.730072463768","9517.204710144928","15367.545289855072","17734.264492753624"
"170900120103","24763.760869565216","29948.6","43654.03913043478","43419.36521739131","7515.034782608695","13426.495652173913","13214.478260869566","22072.50434782609","30063.88260869565"
"170900120102","6533.329608938548","7919.446927374302","11107.698324022347","11281.402234636871","2231.787709497207","3513.2011173184355","3319.1005586592178","6239.3966480446925","8059.865921787709"
"170900030607","31537.974770642202","15042.571100917432","13592.064220183487","18005.809633027522","5241.8600917431195","14522.440366972478","11382.910550458715","18115.981651376147","21060.3371559633"
"170900060502","41894.0272","36880.9104","29975.144","29311.7936","23548.2896","24028.2896","20982.504","32232.4608","41055.0"
"170900060501","85592.06034482758","74891.06034482758","75288.13362068965","74633.375","59689.78017241379","49238.36637931035","45881.7974137931","66271.20689655172","84761.19827586207"
"170900020405","67385.63760217984","32156.632152588554","33010.47683923706","31963.226158038146","9496.607629427794","27640.3378746594","28222.640326975477","38224.95640326975","45193.00817438692"
"170900020404","54277.00731261426","29159.698354661792","26607.535648994515","27968.341864716636","10794.52285191956","20389.751371115173","28019.334552102377","27590.440585009143","35211.5831809872"
"170900020403","57066.5843373494","26369.066265060243","24497.849397590362","26354.36746987952","6788.686746987952","21162.5","23349.506024096387","27426.0421686747","33214.48192771084"
"170900020402","154146.86301369863","74810.26712328767","67201.69863013699","75614.31506849315","21283.15068493151","54005.739726027394","71007.87671232877","66907.47260273973","87029.41780821918"
"170900020401","53747.1708428246","27869.927107061503","25374.296127562644","27221.890660592257","10475.801822323463","19121.487471526198","27411.810933940775","24641.478359908884","33192.658314350796"
"170900080401","12210.058931860036","12000.386740331493","14989.979742173113","16604.543278084715","9410.042357274402","8474.963167587477","9666.581952117864","6358.108655616943","13154.67955801105"
"170900020102","23579.702341137123","19186.484949832775","14227.95652173913","14317.066889632108","7994.658862876254","8854.0","16597.535117056857","15994.060200668897","21747.959866220735"
"170900020103","35208.13043478261","24925.706521739132","19778.384782608697","19341.45","8550.230434782608","14540.126086956521","21575.097826086956","20747.38695652174","28525.841304347825"
"170900020101","36037.51309707242","29198.815100154083","23981.856702619414","21975.06317411402","20667.334360554698","16480.003081664097","27436.570107858242","27831.15716486903","34640.679506933746"
"170900040308","113749.51807228915","91008.13253012048","113821.50602409638","73899.26506024097","65413.98795180723","61429.180722891564","52603.20481927711","90859.93975903615","119564.81927710843"
"170900040306","165626.84074074074","126607.94444444444","180356.8037037037","192927.3","209863.33703703704","103931.42222222222","117814.91481481481","174831.33703703704","171430.87407407406"
"170900040307","96249.5","86421.4","117024.19318181818","98439.67727272728","100343.29090909091","55118.93636363636","67540.96136363636","97894.3659090909","101974.13863636364"
"170900040304","216333.41504178272","165718.62116991644","231178.77994428968","220465.9331476323","238515.08913649025","116463.96378830084","149432.04456824512","211880.75208913648","233706.07520891365"
"170900040305","310043.1475770925","232178.87004405286","332914.2797356828","386419.91629955947","418646.09691629955","214497.63656387664","245341.77753303965","350554.58810572687","319513.2907488987"
"170900040302","501512.51578947366","355326.79649122804","613854.8526315789","758586.1122807018","661832.6842105263","381635.1157894737","437094.3263157895","650199.2842105263","505156.8701754386"
"170900040303","162427.04239401495","126663.65336658354","176907.20947630922","167581.73067331672","175445.9675810474","91096.536159601","113223.52618453866","159942.97007481297","173994.65336658354"
"170900040301","3444398.263888889","3567550.8347222223","4522123.873611111","5068540.673611111","5090975.590277778","3880648.9347222224","4135197.413888889","4367875.579166667","3667121.197222222"
"170900070305","6983.085123966942","6533.455371900826","9555.336363636363","9090.359504132231","4223.336363636364","3553.2454545454543","4393.401652892562","3037.928925619835","5817.464462809918"
"170900070304","16917.864476386036","14994.78302532512","21666.882272416155","20460.445585215606","10898.551676933606","9182.156057494867","12066.095824777549","7347.184804928132","14169.755646817248"
"170900070307","6643.240046838408","5840.46018735363","8916.241217798595","7708.785714285715","4063.612412177986","3196.0245901639346","4207.488290398126","2754.1721311475408","5197.754098360656"
"170900070306","11202.317073170732","7796.216642754663","11850.041606886658","9584.124820659972","6297.896700143472","4796.298421807747","5975.703012912482","3651.3285509325683","7614.911047345768"
"170900070301","9108.237410071943","5954.89448441247","9235.074340527577","9709.218225419665","6766.618705035971","5501.486810551559","6689.357314148681","4541.201438848921","7507.681055155876"
"170900070303","8527.140703517587","6209.908542713568","9775.097487437186","10046.853266331658","5899.1286432160805","5100.746733668342","6808.781909547739","3963.7256281407035","7155.966834170854"
"170900070302","9015.026239067056","6590.67638483965","10469.309037900875","9716.816326530612","6538.696793002915","5341.116618075802","6689.542274052478","4393.976676384839","8291.798833819243"
"170900030611","13991.963414634147","8081.565548780488","12978.146341463415","14539.829268292682","10082.300304878048","7377.446646341464","8625.371951219513","7273.4984756097565","10250.94512195122"
"170900030610","36180.27724358974","22697.28044871795","24787.46955128205","29998.54487179487","18492.7483974359","18780.24198717949","17092.341346153848","21009.283653846152","23791.440705128207"
"170900060104","170589.99236641222","153785.6183206107","188885.19847328245","160192.5699745547","133807.62086513994","116004.7582697201","94400.79389312977","130463.82951653944","177323.92875318066"
"170900060102","584425.596273292","459188.38095238095","677711.2256728779","762442.8861283644","681326.5196687371","436158.59420289856","341699.86128364387","562656.4679089027","501655.8737060041"
"170900060103","9430516.32535885","9677822.076555025","12821911.411483254","14129063.397129187","14115567.37799043","10327729.004784688","11348013.172248803","12245330.636363637","9321752.157894736"
"170900060101","365712.5979020979","350640.9020979021","462091.520979021","445697.06643356645","409036.62237762235","253987.42657342658","245635.8916083916","403893.7027972028","380749.0839160839"
"170900040401","147072.93697478992","113025.70588235294","198476.08403361344","153488.05462184874","101980.13865546219","87090.68907563025","73498.13865546219","153082.4537815126","152336.1218487395"
"170900040403","177948.11475409835","133171.50819672132","180127.37295081967","104116.90573770492","104107.23770491804","89250.14754098361","85441.72540983607","118825.02868852459","171119.3893442623"
"170900040402","151879.20892857143","137328.4642857143","193323.56607142856","147880.7767857143","124254.87857142858","84172.975","82211.975","145325.6125","146721.03928571427"
"170900080504","18252.35185185185","16324.604166666666","22534.319444444445","22461.613425925927","12540.19212962963","11364.935185185184","14764.402777777777","8801.650462962964","17552.016203703704"
"170900080501","18666.464285714286","13976.717261904761","19099.67261904762","17623.39880952381","13055.32142857143","10986.07142857143","14178.386904761905","9264.50892857143","19408.77380952381"
"170900080502","7347.719512195122","5824.112804878048","8516.115853658537","8134.1463414634145","5096.414634146341","4463.036585365854","5832.158536585366","3398.182926829268","6813.65243902439"
"170900080503","9373.85303514377","7965.1629392971245","11405.300319488819","10593.948881789138","6820.926517571885","5545.64536741214","7222.485623003195","4365.009584664536","8558.555910543131"
"170900050304","192522.25654450263","193801.3455497382","204773.5479930192","215841.15881326352","182482.87783595113","122454.78359511343","108803.32111692845","176959.84118673648","180849.67539267015"
"170900050303","123576.55952380953","124984.75297619047","136590.86904761905","137030.64583333334","113018.40476190476","84834.125","73331.37797619047","118314.86904761905","128452.66369047618"
"170900050302","186160.23243243244","175493.1","208186.67297297297","217258.56756756757","193598.43243243243","124220.98648648648","98604.43243243243","167288.7864864865","169881.48378378377"
"170900050301","331971.9442231076","299051.2888446215","362152.44023904385","396939.80677290837","388692.77689243027","191300.13346613545","133741.25099601594","295982.7828685259","288670.9561752988"
"170900060601","169069.5072463768","155049.39130434784","153357.22544283414","165045.25925925927","123230.78421900161","109342.04025764896","83831.54106280193","125196.93558776168","159623.09178743963"
"170900060603","17414.330472103004","13687.375536480688","10030.130901287554","12150.927038626609","8167.888412017167","8649.075107296138","6850.776824034335","12531.948497854077","13517.032188841202"
"170900060602","69045.97021276595","64114.3085106383","45221.53404255319","51566.13617021277","50191.9","45392.734042553195","32434.531914893618","52392.42340425532","64881.959574468085"
"170900060604","24380.36960600375","19910.255159474673","15866.46904315197","18986.19699812383","12283.939962476548","11855.075046904316","10658.69981238274","15646.896810506567","18703.652908067543"
"170900080608","11014.881028938908","11319.418006430868","16058.800643086817","13185.1961414791","10375.11575562701","7751.488745980708","8727.511254019293","6833.549839228296","10962.7845659164"
"170900080607","15932.114864864865","12687.042792792792","16572.722972972973","14712.646396396396","12132.292792792792","9089.594594594595","10961.243243243243","8230.574324324325","16392.6981981982"
"170900080606","17907.718377088306","14649.28878281623","20593.909307875896","18515.24582338902","15409.670644391408","11462.36276849642","12778.026252983294","9317.434367541766","17744.157517899763"
"170900080605","8865.486381322957","7385.1322957198445","10286.556420233463","8004.39299610895","5438.280155642024","4502.260700389105","5378.836575875486","3728.260700389105","7356.571984435797"
"170900080604","12278.132118451025","11526.437357630979","14826.81548974943","12785.630979498861","7966.485193621867","7398.940774487472","8392.694760820046","6163.797266514806","12343.530751708427"
"170900080603","34916.276041666664","25489.802083333332","31199.796875","31058.145833333332","23947.953125","19305.484375","25452.192708333332","18706.276041666668","39672.411458333336"
"170900080602","41383.879213483146","32141.247191011236","39264.643258426964","38847.85112359551","35334.15449438202","27954.79213483146","29339.544943820223","26263.54775280899","45258.01404494382"
"170900080601","51644.67942583732","40576.602870813396","51955.488038277515","47134.3014354067","43440.167464114835","35202.224880382775","37111.66985645933","32907.181818181816","55460.81339712919"
"170900050602","11527.08466819222","8931.267734553776","8912.670480549199","10258.988558352403","6934.688787185355","5895.473684210527","5848.228832951945","7993.311212814645","8988.324942791762"
"170900050603","18947.292156862746","11135.674509803921","17780.076470588236","18909.41568627451","14410.137254901962","9861.605882352942","11652.80980392157","10685.25294117647","12809.317647058824"
"170900050601","63737.92412451362","64183.169260700386","44470.06809338521","53585.6653696498","43230.93968871595","39074.476653696496","29054.13813229572","49674.103112840465","65613.64785992217"
"170900050604","17360.014245014245","10486.12962962963","16059.656695156695","17513.029914529914","13097.216524216525","9230.673789173788","10655.462962962964","9499.880341880342","12374.690883190884"
"170900080302","25733.6","21086.3925","26105.735","24821.8825","18691.6775","15711.41","18090.8725","13718.2925","28909.065"
"170900080301","27855.290858725763","22818.4459833795","26635.019390581718","23139.46537396122","24137.47922437673","20361.595567867036","19888.883656509694","18715.498614958447","32991.29362880887"
"170900110502","98855.7990430622","98088.36842105263","100517.68660287082","107447.77511961723","78252.68899521531","68252.8038277512","57214.89473684211","94436.50956937799","101307.28708133972"
"170900110503","57815.23489932886","50361.25503355705","35513.0067114094","47113.785234899326","27300.093959731545","36480.45413870246","31748.950782997763","45225.091722595076","62911.34451901566"
"170900110501","513329.95616438356","434198.43561643834","573162.4657534247","743471.2219178082","591950.3534246575","441576.46301369864","420950.498630137","647480.1808219178","470391.3205479452"
"170900030402","11581.241935483871","6179.052419354839","8354.27822580645","9805.262096774193","5433.875","5786.068548387097","5525.637096774193","5780.455645161291","7270.657258064516"
"170900030403","23159.667458432305","11590.660332541567","16304.805225653206","19171.79572446556","8983.912114014252","10528.142517814727","10025.12351543943","10269.0783847981","13993.052256532066"
"170900030401","20824.422924901184","13459.652173913044","12007.636363636364","13852.458498023716","6843.320158102767","9921.221343873518","8127.458498023715","13940.466403162056","14524.01185770751"
"170900010505","34393.14953271028","29162.380062305296","32629.258566978195","25159.919003115265","19915.33956386293","19075.043613707167","26321.059190031152","26267.72585669782","33286.947040498446"
"170900010504","30991.014492753624","27561.369565217392","28619.927536231884","21889.851449275364","20562.351449275364","18707.818840579712","25716.554347826088","26807.101449275364","33270.70289855073"
"170900010501","566814.5135135135","421239.1554054054","570108.7871621621","898795.5236486486","863366.375","395931.7871621622","555547.0574324324","687632.0777027027","622180.25"
"170900010503","169798.48434925865","128287.64909390445","163009.02306425042","205086.57990115322","208813.960461285","110388.97034596375","147992.30148270182","166048.05271828666","181645.94398682044"
"170900010502","103065.5567251462","82513.07368421053","103373.94970760234","96633.18830409356","106408.65029239767","66285.09590643275","86826.9134502924","102772.04912280702","118504.98830409357"
"170900090303","9990.544474393531","11736.719676549865","7280.167115902965","8655.388140161725","1578.8948787061995","4851.161725067385","4392.541778975741","9328.962264150943","11051.161725067386"
"170900090302","42432.12280701754","42851.7149122807","30664.53947368421","31471.71052631579","21566.15350877193","26241.934210526317","23578.864035087718","43881.258771929824","53526.399122807015"
"170900090301","14269.728971962617","13072.644859813085","9923.401869158879","11556.696261682244","3731.5280373831774","7009.621495327103","5964.018691588785","11938.266355140187","14564.901869158879"
"170900090304","12855.903328050714","13736.841521394612","7153.266244057052","10736.795562599049","850.1648177496038","6793.767036450079","4026.7083993660854","9406.301109350237","11587.36291600634"
"170900030308","21732.298780487807","11692.225609756097","12178.542682926829","16233.292682926829","6320.384146341464","10198.274390243903","8471.469512195123","10832.640243902439","13021.646341463415"
"170900030301","64544.84429065744","56441.08477508651","59090.705882352944","49998.370242214536","48765.03460207613","39530.31833910035","39186.76470588235","53960.50519031142","64299.10899653979"
"170900030303","17375.241992882562","13333.871886120996","9260.94306049822","9976.843416370108","4526.0818505338075","7762.085409252669","6645.345195729537","13768.747330960854","15713.818505338078"
"170900030302","37189.17153284672","32400.558394160584","22434.828467153286","26061.57299270073","22555.105839416057","23255.5","20425.350364963502","30352.536496350363","36434.35401459854"
"170900030305","31208.772893772893","17448.49816849817","14833.59706959707","18789.25641025641","5109.941391941392","13546.271062271062","9623.432234432234","18302.175824175825","19782.608058608057"
"170900030304","27607.414383561645","17758.647260273974","13216.344178082192","14877.52910958904","3627.5359589041095","12521.801369863013","8879.623287671233","20034.426369863013","19754.946917808218"
"170900030307","28800.72399150743","14655.609341825902","13539.552016985139","18178.785562632696","4386.868365180467","12640.815286624204","9063.653927813164","15524.908704883228","16938.849256900212"
"170900030306","44594.89140271493","28088.904977375565","23718.090497737558","28698.298642533937","11733.963800904978","21005.864253393665","15958.144796380091","28983.868778280543","30785.018099547513"
"170900090408","24723.15263157895","24389.947368421053","18283.926315789475","18964.43157894737","13458.942105263159","15923.368421052632","13752.384210526316","24839.994736842105","30594.9"
"170900100308","28935.30023640662","29402.425531914894","43330.91962174941","29306.094562647755","11816.066193853429","10407.491725768321","23191.089834515366","13230.555555555555","26948.158392434987"
"170900090404","87640.2154340836","82502.73633440514","116104.84565916398","97976.18006430868","66052.05466237942","63196.54340836013","57184.21221864952","96764.15112540193","103222.95819935692"
"170900090405","314944.63636363635","303860.3444976077","317507.45454545453","342878.0574162679","294711.15789473685","225105.66507177035","186308.06220095695","319807.37320574163","278261.4066985646"
"170900090406","1650611.6103286385","1623244.0516431925","1753818.2582159624","2075768.971830986","1754954.3896713615","1226296.7089201878","1034839.1877934273","1949748.9014084507","1271364.7089201878"
"170900090407","65801.93181818182","62050.621212121216","54086.356060606064","51486.34848484849","45466.469696969696","48010.007575757576","41778.681818181816","60017.51515151515","79371.65151515152"
"170900100301","28111.703773584904","18059.350943396228","25381.97358490566","25155.905660377357","17947.394339622642","16843.237735849056","19500.35849056604","14061.22641509434","28647.811320754718"
"170900090401","400007.47016274865","407789.4466546112","452135.83001808316","490302.226039783","364729.48282097647","261602.5280289331","225793.6184448463","408569.3779385172","383015.46112115734"
"170900090402","151683.31186440677","157928.65423728814","174197.9525423729","174846.2711864407","130232.77288135594","95783.36101694916","76387.47288135593","129224.75084745763","144855.7033898305"
"170900090403","201074.78395061727","197159.80041152262","222176.46502057614","219011.19753086418","179566.45267489713","142327.87860082305","118900.08847736625","195362.71604938273","217830.8086419753"
"170900110106","165710.85396039605","162710.86386138614","173947.849009901","211355.86138613863","188312.78465346535","118591.75247524753","108996.4405940594","196892.948019802","163026.90841584158"
"170900110107","77705.55730337079","77303.54382022472","91748.94831460674","93994.97303370787","67209.2786516854","50025.59550561798","39878.386516853934","80648.36404494382","76463.06516853932"
"170900110104","305452.31843575416","289940.1592178771","311914.0782122905","408407.3463687151","361066.21508379886","239247.1117318436","209658.09497206705","357287.1312849162","311310.6843575419"
"170900110105","222086.91025641025","185473.78525641025","225173.66987179487","287107.21153846156","238222.24679487178","156754.53205128206","150012.66025641025","260249.52564102566","214363.1955128205"
"170900110102","392126.7786259542","384568.5229007634","411604.19847328245","433103.54198473284","343826.19465648854","190650.45419847328","140474.34732824427","308231.01145038166","294160.63740458013"
"170900110103","277079.3283261803","266436.4935622318","277859.8927038627","332755.3905579399","309681.1287553648","197361.0321888412","181823.03862660943","304984.3991416309","257900.6373390558"
"170900110101","260759.64556962025","253373.05063291139","269122.1223628692","331817.8691983122","270502.0506329114","173903.63713080168","131332.66666666666","251898.21097046413","228614.00843881856"
"170900070204","14846.299559471365","9297.127753303965","14100.372246696035","15295.30616740088","10937.180616740088","8415.248898678414","9624.107929515418","8457.702643171806","10806.233480176212"
"170900070201","16031.193083573487","12413.400576368877","12977.092219020173","13904.412103746397","10679.922190201729","9000.1469740634","8088.533141210374","11647.190201729107","13713.749279538904"
"170900070202","21501.631818181817","17743.979545454546","17031.668181818182","17717.0","14997.827272727272","13517.388636363636","10232.95","15678.977272727272","20373.19318181818"
"170900070203","9704.30612244898","6089.6235827664395","9674.607709750568","10039.233560090703","7453.258503401361","5661.585034013606","6255.662131519274","5416.258503401361","7577.090702947846"
"170900010901","83803.53453453454","71721.85585585586","93967.63063063064","72952.5945945946","66498.08708708709","48234.30630630631","59434.7027027027","76333.15915915916","91651.33033033033"
"170900010903","47858.307042253524","42666.58309859155","41630.887323943665","28704.515492957747","27813.65070422535","25801.642253521128","29098.11267605634","39166.35211267605","47082.8676056338"
"170900010902","64767.758241758245","57736.51648351648","74837.38827838827","42275.70695970696","44965.2271062271","37943.39926739927","51677.91208791209","51062.19047619047","69482.75457875458"
"170900010905","67211.95173453997","58425.90045248869","63424.59125188537","44933.927601809955","43781.86877828054","37612.43891402715","56614.17797888386","51791.39215686275","68095.07390648568"
"170900010904","46196.81909547739","33158.6432160804","25847.183417085427","21356.605527638192","15034.497487437186","19370.585427135677","25281.8391959799","31114.829145728643","36194.60552763819"
"170900010906","66220.58035714286","43804.71130952381","35908.99702380953","28503.6875","12946.732142857143","28870.96130952381","33085.69047619047","43158.13988095238","51500.41369047619"
"170900120305","7099.4","5666.6","10067.6","7798.6","3885.4","2910.8","5315.0","3226.6","6277.2"
"170900120301","44037.666666666664","31154.333333333332","39232.0","43899.0","33465.666666666664","30666.666666666668","29876.0","26605.0","45965.666666666664"
"170900030110","26107.272","10797.108","12924.218666666668","16194.226666666667","5294.629333333333","10285.309333333333","9739.413333333334","11010.501333333334","12176.125333333333"
